vertical,keyword,url_pattern
car insurance,car insurance london,/car-insurance/london
car insurance,car insurance manchester,/car-insurance/manchester
car insurance,car insurance young drivers,/car-insurance/young-drivers
car insurance,car insurance new drivers,/car-insurance/new-drivers
van insurance,van insurance self employed,/van-insurance/self-employed
van insurance,van insurance delivery drivers,/van-insurance/delivery-drivers
pet insurance,pet insurance labrador,/pet-insurance/labrador
pet insurance,pet insurance french bulldog,/pet-insurance/french-bulldog
travel insurance,travel insurance spain,/travel-insurance/spain
travel insurance,travel insurance thailand,/travel-insurance/thailand
home insurance,home insurance london,/home-insurance/london
home insurance,home insurance flats,/home-insurance/flats
motorbike insurance,motorbike insurance 125cc,/motorbike-insurance/125cc
motorbike insurance,motorbike insurance new riders,/motorbike-insurance/new-riders
bicycle insurance,bicycle insurance electric bikes,/bicycle-insurance/electric-bikes
breakdown insurance,breakdown cover cars,/breakdown-insurance/cars
car insurance manchester car insurance,4x4 vehicles,/car insurance/4x4-vehicles
car insurance,additional driver insurance,/car insurance/additional-driver-insurance
car insurance,american cars,/car insurance/american-cars
car insurance,automatic car insurance,/car insurance/automatic-car-insurance
car insurance,telematics car insurance,/car insurance/telematics-car-insurance
car insurance,insuring your car for work use,/car insurance/insuring-your-car-for-work-use
car insurance,providers,/car insurance/providers
car insurance,17 year olds,/car insurance/17-year-olds
car insurance,womens car insurance,/car insurance/womens-car-insurance
car insurance,cheapest cars to insure,/car insurance/cheapest-cars-to-insure
car insurance,classic car insurance,/car insurance/classic-car-insurance
car insurance,comprehensive car insurance,/car insurance/comprehensive-car-insurance
car insurance,cover for drivers with a criminal conviction,/car insurance/cover-for-drivers-with-a-criminal-conviction
car insurance,cover to drive other cars,/car insurance/cover-to-drive-other-cars
car insurance,delivery insurance,/car insurance/delivery-insurance
car insurance,disabled drivers,/car insurance/disabled-drivers
car insurance,drink drivers,/car insurance/drink-drivers
car insurance,drive away insurance,/car insurance/drive-away-insurance
car insurance,electric car insurance,/car insurance/electric-car-insurance
car insurance,european car insurance,/car insurance/european-car-insurance
car insurance,gap insurance,/car insurance/gap-insurance
car insurance,hybrid car insurance,/car insurance/hybrid-car-insurance
car insurance,left hand drive and imports,/car insurance/left-hand-drive-and-imports
car insurance,kit cars,/car insurance/kit-cars
car insurance,learner,/car insurance/learner
car insurance,lease cars,/car insurance/lease-cars
car insurance,makes and models,/car insurance/makes-and-models
car insurance,modified car insurance,/car insurance/modified-car-insurance
car insurance,multi car policies,/car insurance/multi-car-policies
car insurance,new drivers,/car insurance/new-drivers
car insurance,next gen cars,/car insurance/next-gen-cars
car insurance,no deposit,/car insurance/no-deposit
car insurance,northern ireland,/car insurance/northern-ireland
car insurance,older drivers,/car insurance/older-drivers
car insurance,over 50s,/car insurance/over-50s
car insurance,over 80s car insurance,/car insurance/over-80s-car-insurance
car insurance,pay as you go,/car insurance/pay-as-you-go
car insurance,performance car insurance,/car insurance/performance-car-insurance
car insurance,professional sports people,/car insurance/professional-sports-people
car insurance,republic of ireland,/car insurance/republic-of-ireland
car insurance,sports cars,/car insurance/sports-cars
car insurance,student car insurance,/car insurance/student-car-insurance
car insurance,short term,/car insurance/short-term
car insurance,test drive insurance,/car insurance/test-drive-insurance
car insurance,third party only car insurance,/car insurance/third-party-only-car-insurance
car insurance,third party fire and theft,/car insurance/third-party-fire-and-theft
car insurance,road going racing cars,/car insurance/road-going-racing-cars
car insurance,vehicle theft hotspots,/car insurance/vehicle-theft-hotspots
car insurance,young drivers car insurance,/car insurance/young-drivers-car-insurance
home insurance,airbnb home insurance,/home insurance/airbnb-home-insurance
home insurance,buildings insurance,/home insurance/buildings-insurance
home insurance,bungalows,/home insurance/bungalows
home insurance,burglary hotspots,/home insurance/burglary-hotspots
home insurance,claim rejections,/home insurance/claim-rejections
home insurance,common home insurance claims,/home insurance/common-home-insurance-claims
home insurance,contents insurance,/home insurance/contents-insurance
home insurance,criminal convictions,/home insurance/criminal-convictions
home insurance,do i need home insurance,/home insurance/do-i-need-home-insurance
home insurance,farmhouses,/home insurance/farmhouses
home insurance,flat insurance,/home insurance/flat-insurance
home insurance,flat roof home insurance,/home insurance/flat-roof-home-insurance
home insurance,flooding and home insurance,/home insurance/flooding-and-home-insurance
home insurance,free excess protection cover,/home insurance/free-excess-protection-cover
home insurance,good neighbours,/home insurance/good-neighbours
home insurance,high value home insurance,/home insurance/high-value-home-insurance
home insurance,holiday home insurance,/home insurance/holiday-home-insurance
home insurance,holiday let insurance,/home insurance/holiday-let-insurance
home insurance,home emergency cover,/home insurance/home-emergency-cover
home insurance,providers,/home insurance/providers
home insurance,how much does home insurance cost,/home insurance/how-much-does-home-insurance-cost
home insurance,jewellery and valuables,/home insurance/jewellery-and-valuables
home insurance,listed buildings,/home insurance/listed-buildings
home insurance,lodger insurance,/home insurance/lodger-insurance
home insurance,mistakes when moving house,/home insurance/mistakes-when-moving-house
home insurance,new builds,/home insurance/new-builds
home insurance,non standard construction,/home insurance/non-standard-construction
home insurance,over 50s,/home insurance/over-50s
home insurance,over 60s,/home insurance/over-60s
home insurance,radon in homes,/home insurance/radon-in-homes
home insurance,salary to buy,/home insurance/salary-to-buy
home insurance,second home insurance,/home insurance/second-home-insurance
home insurance,self builds,/home insurance/self-builds
home insurance,shed insurance,/home insurance/shed-insurance
home insurance,short term home insurance,/home insurance/short-term-home-insurance
home insurance,smart home insurance,/home insurance/smart-home-insurance
home insurance,student insurance,/home insurance/student-insurance
home insurance,subsidence and home insurance,/home insurance/subsidence-and-home-insurance
home insurance,tenants insurance,/home insurance/tenants-insurance
home insurance,thatched roof insurance,/home insurance/thatched-roof-insurance
home insurance,timber framed buildings,/home insurance/timber-framed-buildings
home insurance,unlimited home insurance,/home insurance/unlimited-home-insurance
home insurance,unoccupied property,/home insurance/unoccupied-property
motorbike insurance,125cc policies,/motorbike insurance/125cc-policies
motorbike insurance,50cc policies,/motorbike insurance/50cc-policies
motorbike insurance,advanced motorcycle training,/motorbike insurance/advanced-motorcycle-training
motorbike insurance,cheapest motorbikes to insure,/motorbike insurance/cheapest-motorbikes-to-insure
motorbike insurance,classic motorbikes,/motorbike insurance/classic-motorbikes
motorbike insurance,electric motorbike insurance,/motorbike insurance/electric-motorbike-insurance
motorbike insurance,european cover,/motorbike insurance/european-cover
motorbike insurance,helmet and leather cover,/motorbike insurance/helmet-and-leather-cover
motorbike insurance,how much does motorbike insurance cost,/motorbike insurance/how-much-does-motorbike-insurance-cost
motorbike insurance,imported bikes,/motorbike insurance/imported-bikes
motorbike insurance,is my bike insured,/motorbike insurance/is-my-bike-insured
motorbike insurance,learner and new riders,/motorbike insurance/learner-and-new-riders
motorbike insurance,motorbike modifications and your insurance,/motorbike insurance/motorbike-modifications-and-your-insurance
motorbike insurance,motorbike and moped licences,/motorbike insurance/motorbike-and-moped-licences
motorbike insurance,motorbike insurance groups,/motorbike insurance/motorbike-insurance-groups
motorbike insurance,motorbike security and your insurance,/motorbike insurance/motorbike-security-and-your-insurance
motorbike insurance,motorbike warranty,/motorbike insurance/motorbike-warranty
motorbike insurance,motorcycle mot,/motorbike insurance/motorcycle-mot
motorbike insurance,multi bike insurance,/motorbike insurance/multi-bike-insurance
motorbike insurance,off road motorbike insurance,/motorbike insurance/off-road-motorbike-insurance
motorbike insurance,over 50s motorcycle insurance,/motorbike insurance/over-50s-motorcycle-insurance
motorbike insurance,pillion cover,/motorbike insurance/pillion-cover
motorbike insurance,quad bikes,/motorbike insurance/quad-bikes
motorbike insurance,scooter insurance,/motorbike insurance/scooter-insurance
motorbike insurance,sidecars,/motorbike insurance/sidecars
motorbike insurance,sorn my bike,/motorbike insurance/sorn-my-bike
motorbike insurance,short term cover,/motorbike insurance/short-term-cover
motorbike insurance,three wheelers,/motorbike insurance/three-wheelers
motorbike insurance,top tips for cheap motorbike insurance,/motorbike insurance/top-tips-for-cheap-motorbike-insurance
motorbike insurance,uk bike theft hotspots,/motorbike insurance/uk-bike-theft-hotspots
motorbike insurance,work use,/motorbike insurance/work-use
motorbike insurance,young riders,/motorbike insurance/young-riders
pet insurance,accident only cover,/pet insurance/accident-only-cover
pet insurance,alternative therapies for pets,/pet insurance/alternative-therapies-for-pets
pet insurance,bird insurance,/pet insurance/bird-insurance
pet insurance,buying tips,/pet insurance/buying-tips
pet insurance,cancellation,/pet insurance/cancellation
pet insurance,cat insurance,/pet insurance/cat-insurance
pet insurance,cherry eye,/pet insurance/cherry-eye
pet insurance,choosing a vet,/pet insurance/choosing-a-vet
pet insurance,co insurance,/pet insurance/co-insurance
pet insurance,cryptorchidism,/pet insurance/cryptorchidism
pet insurance,dental cover,/pet insurance/dental-cover
pet insurance,dog friendly staycations,/pet insurance/dog-friendly-staycations
pet insurance,dog insurance,/pet insurance/dog-insurance
pet insurance,excess,/pet insurance/excess
pet insurance,exclusives terms and conditions,/pet insurance/exclusives-terms-and-conditions
pet insurance,exotic pets,/pet insurance/exotic-pets
pet insurance,small pets for children,/pet insurance/small-pets-for-children
pet insurance,horsebox insurance,/pet insurance/horsebox-insurance
pet insurance,horse insurance,/pet insurance/horse-insurance
pet insurance,how much does pet insurance cost,/pet insurance/how-much-does-pet-insurance-cost
pet insurance,how to claim,/pet insurance/how-to-claim
pet insurance,benefits of pet insurance,/pet insurance/benefits-of-pet-insurance
pet insurance,keeping pets safe during fireworks,/pet insurance/keeping-pets-safe-during-fireworks
pet insurance,lifetime pet insurance,/pet insurance/lifetime-pet-insurance
pet insurance,llama and alpaca insurance,/pet insurance/llama-and-alpaca-insurance
pet insurance,lost pets,/pet insurance/lost-pets
pet insurance,maximum benefit pet insurance,/pet insurance/maximum-benefit-pet-insurance
pet insurance,medication,/pet insurance/medication
pet insurance,multi pet,/pet insurance/multi-pet
pet insurance,neutering,/pet insurance/neutering
pet insurance,no waiting period,/pet insurance/no-waiting-period
pet insurance,insuring an older pet,/pet insurance/insuring-an-older-pet
pet insurance,out of hours emergency vet bills,/pet insurance/out-of-hours-emergency-vet-bills
pet insurance,pet microchipping,/pet insurance/pet-microchipping
pet insurance,pet passport,/pet insurance/pet-passport
pet insurance,safety in hot weather,/pet insurance/safety-in-hot-weather
pet insurance,pet theft,/pet insurance/pet-theft
pet insurance,pets and staycations,/pet insurance/pets-and-staycations
pet insurance,pre existing medical conditions,/pet insurance/pre-existing-medical-conditions
pet insurance,rabbit insurance,/pet insurance/rabbit-insurance
pet insurance,small mammal insurance,/pet insurance/small-mammal-insurance
pet insurance,surgery,/pet insurance/surgery
pet insurance,tackling pet obesity,/pet insurance/tackling-pet-obesity
pet insurance,time limited pet insurance,/pet insurance/time-limited-pet-insurance
pet insurance,vet bills payment,/pet insurance/vet-bills-payment
pet insurance,vet visits,/pet insurance/vet-visits
pet insurance,who has pet insurance,/pet insurance/who-has-pet-insurance
travel insurance,90 days,/travel insurance/90-days
travel insurance,air passenger duty,/travel insurance/air-passenger-duty
travel insurance,alcohol on a flight,/travel insurance/alcohol-on-a-flight
travel insurance,annual travel insurance,/travel insurance/annual-travel-insurance
travel insurance,assisted travel at airports,/travel insurance/assisted-travel-at-airports
travel insurance,backpackers travel insurance,/travel insurance/backpackers-travel-insurance
travel insurance,backpacking essentials,/travel insurance/backpacking-essentials
travel insurance,busiest day to fly,/travel insurance/busiest-day-to-fly
travel insurance,business,/travel insurance/business
travel insurance,cancellation cover,/travel insurance/cancellation-cover
travel insurance,cancer patients,/travel insurance/cancer-patients
travel insurance,car hire abroad,/travel insurance/car-hire-abroad
travel insurance,caravan holidays,/travel insurance/caravan-holidays
travel insurance,children,/travel insurance/children
travel insurance,couples,/travel insurance/couples
travel insurance,credit cards,/travel insurance/credit-cards
travel insurance,cruise travel insurance,/travel insurance/cruise-travel-insurance
travel insurance,destinations,/travel insurance/destinations
travel insurance,europes most punctual airports,/travel insurance/europes-most-punctual-airports
travel insurance,expensive destinations,/travel insurance/expensive-destinations
travel insurance,family travel insurance,/travel insurance/family-travel-insurance
travel insurance,family travel cost school holidays,/travel insurance/family-travel-cost-school-holidays
travel insurance,flight overbooking,/travel insurance/flight-overbooking
travel insurance,foreign exchange,/travel insurance/foreign-exchange
travel insurance,gadget cover,/travel insurance/gadget-cover
travel insurance,gadget cover on holiday,/travel insurance/gadget-cover-on-holiday
travel insurance,gap year travel insurance,/travel insurance/gap-year-travel-insurance
travel insurance,grandparents travelling grandchildren,/travel insurance/grandparents-travelling-grandchildren
travel insurance,group holidays,/travel insurance/group-holidays
travel insurance,holiday activities you are not covered for,/travel insurance/holiday-activities-you-are-not-covered-for
travel insurance,holiday booking hacks,/travel insurance/holiday-booking-hacks
travel insurance,holiday checklist,/travel insurance/holiday-checklist
travel insurance,holidays in 2024,/travel insurance/holidays-in-2024
travel insurance,how much does travel insurance cost,/travel insurance/how-much-does-travel-insurance-cost
travel insurance,long stay cover,/travel insurance/long-stay-cover
travel insurance,most annoying travel habits,/travel insurance/most-annoying-travel-habits
travel insurance,non uk residents,/travel insurance/non-uk-residents
travel insurance,over 70s,/travel insurance/over-70s
travel insurance,over 80s,/travel insurance/over-80s
travel insurance,passport rules,/travel insurance/passport-rules
travel insurance,pre existing medical conditions,/travel insurance/pre-existing-medical-conditions
travel insurance,pregnancy,/travel insurance/pregnancy
travel insurance,providers,/travel insurance/providers
travel insurance,schengen,/travel insurance/schengen
travel insurance,senior travel insurance,/travel insurance/senior-travel-insurance
travel insurance,single trip travel insurance,/travel insurance/single-trip-travel-insurance
travel insurance,ski insurance,/travel insurance/ski-insurance
travel insurance,solo travel insurance,/travel insurance/solo-travel-insurance
travel insurance,staycations,/travel insurance/staycations
travel insurance,students,/travel insurance/students
travel insurance,tourist scams,/travel insurance/tourist-scams
travel insurance,uk cover,/travel insurance/uk-cover
travel insurance,staycation vs abroad,/travel insurance/staycation-vs-abroad
travel insurance,undiagnosed medical conditions,/travel insurance/undiagnosed-medical-conditions
travel insurance,water sports,/travel insurance/water-sports
travel insurance,what is abta,/travel insurance/what-is-abta
travel insurance,wildfires travel insurance,/travel insurance/wildfires-travel-insurance
travel insurance,winter sports insurance,/travel insurance/winter-sports-insurance
travel insurance,worldwide,/travel insurance/worldwide
van insurance,commercial,/van insurance/commercial
van insurance,catering van insurance,/van insurance/catering-van-insurance
van insurance,classic vans,/van insurance/classic-vans
van insurance,convicted driver van insurance,/van insurance/convicted-driver-van-insurance
van insurance,courier van insurance,/van insurance/courier-van-insurance
van insurance,electric van insurance,/van insurance/electric-van-insurance
van insurance,haulage insurance,/van insurance/haulage-insurance
van insurance,modified,/van insurance/modified
van insurance,multi van,/van insurance/multi-van
van insurance,no deposit,/van insurance/no-deposit
van insurance,over 50s van insurance,/van insurance/over-50s-van-insurance
van insurance,pick up insurance,/van insurance/pick-up-insurance
van insurance,private,/van insurance/private
van insurance,providers,/van insurance/providers
van insurance,refrigerated van insurance,/van insurance/refrigerated-van-insurance
van insurance,self employed,/van insurance/self-employed
van insurance,telematics,/van insurance/telematics
van insurance,short term,/van insurance/short-term
van insurance,tipper insurance,/van insurance/tipper-insurance
van insurance,van warranty,/van insurance/van-warranty
van insurance,young drivers,/van insurance/young-drivers
home insurance,airbnb insurance,/home insurance/airbnb-insurance
home insurance,renovation insurance,/home insurance/renovation-insurance
travel insurance,multi trip,/travel insurance/multi-trip
travel insurance,passport checker,/travel insurance/passport-checker
travel insurance,tourist tax checker,/travel insurance/tourist-tax-checker
van insurance,goods in transit,/van insurance/goods-in-transit
van insurance,fleet insurance,/van insurance/fleet-insurance
van insurance,temporary,/van insurance/temporary
van insurance,van insurance groups,/van insurance/van-insurance-groups
motorbike insurance,manufacturers,/motorbike insurance/manufacturers
motorbike insurance,providers,/motorbike insurance/providers
home insurance,flood insurance,/home insurance/flood-insurance
home insurance,landlord,/home insurance/landlord
home insurance,tenants liability insurance,/home insurance/tenants-liability-insurance
home insurance,subsidence insurance,/home insurance/subsidence-insurance
home insurance,timber frame home insurance,/home insurance/timber-frame-home-insurance
home insurance,jewellery insurance,/home insurance/jewellery-insurance
home insurance,watch insurance,/home insurance/watch-insurance
home insurance,unoccupied home insurance,/home insurance/unoccupied-home-insurance
home insurance,leasehold buildings insurance,/home insurance/leasehold-buildings-insurance
home insurance,shared house contents insurance,/home insurance/shared-house-contents-insurance
home insurance,flood risk map,/home insurance/flood-risk-map
home insurance,engagement ring insurance,/home insurance/engagement-ring-insurance
travel insurance,activity,/travel insurance/activity
travel insurance,under 18,/travel insurance/under-18
travel insurance,over 60,/travel insurance/over-60
travel insurance,volunteer,/travel insurance/volunteer
travel insurance,asia,/travel insurance/asia
travel insurance,australia,/travel insurance/australia
travel insurance,caribbean,/travel insurance/caribbean
travel insurance,european,/travel insurance/european
travel insurance,new zealand,/travel insurance/new-zealand
travel insurance,schengen area,/travel insurance/schengen-area
travel insurance,south africa,/travel insurance/south-africa
travel insurance,south america,/travel insurance/south-america
travel insurance,last minute,/travel insurance/last-minute
travel insurance,over 50,/travel insurance/over-50
travel insurance,extreme sports,/travel insurance/extreme-sports
travel insurance,sports,/travel insurance/sports
travel insurance,usa,/travel insurance/usa
travel insurance,thailand,/travel insurance/thailand
travel insurance,rock climbing,/travel insurance/rock-climbing
travel insurance,turkey,/travel insurance/turkey
travel insurance,canada,/travel insurance/canada
travel insurance,golf,/travel insurance/golf
travel insurance,scuba diving,/travel insurance/scuba-diving
travel insurance,france,/travel insurance/france
travel insurance,airline delay compensation,/travel insurance/airline-delay-compensation
travel insurance,school fines,/travel insurance/school-fines
travel insurance,lost and found qr code generator,/travel insurance/lost-and-found-qr-code-generator
travel insurance,travel vaccination checker,/travel insurance/travel-vaccination-checker
travel insurance,cuba,/travel insurance/cuba
travel insurance,argentina,/travel insurance/argentina
travel insurance,austria,/travel insurance/austria
travel insurance,bali,/travel insurance/bali
travel insurance,belgium,/travel insurance/belgium
travel insurance,brazil,/travel insurance/brazil
travel insurance,bulgaria,/travel insurance/bulgaria
travel insurance,canary islands,/travel insurance/canary-islands
travel insurance,china,/travel insurance/china
travel insurance,croatia,/travel insurance/croatia
travel insurance,cyprus,/travel insurance/cyprus
travel insurance,czech republic,/travel insurance/czech-republic
travel insurance,dubai,/travel insurance/dubai
travel insurance,egypt,/travel insurance/egypt
travel insurance,germany,/travel insurance/germany
travel insurance,greece,/travel insurance/greece
travel insurance,hong kong,/travel insurance/hong-kong
travel insurance,iceland,/travel insurance/iceland
travel insurance,india,/travel insurance/india
travel insurance,ireland,/travel insurance/ireland
travel insurance,italy,/travel insurance/italy
travel insurance,japan,/travel insurance/japan
travel insurance,majorca,/travel insurance/majorca
travel insurance,malaysia,/travel insurance/malaysia
travel insurance,malta,/travel insurance/malta
travel insurance,mexico,/travel insurance/mexico
travel insurance,morocco,/travel insurance/morocco
travel insurance,netherlands,/travel insurance/netherlands
travel insurance,pakistan,/travel insurance/pakistan
travel insurance,philippines,/travel insurance/philippines
travel insurance,poland,/travel insurance/poland
travel insurance,portugal,/travel insurance/portugal
travel insurance,singapore,/travel insurance/singapore
travel insurance,spain,/travel insurance/spain
travel insurance,switzerland,/travel insurance/switzerland
travel insurance,tunisia,/travel insurance/tunisia
van insurance,private van insurance,/van insurance/private-van-insurance
van insurance,pickup,/van insurance/pickup
van insurance,modified van insurance,/van insurance/modified-van-insurance
van insurance,black box,/van insurance/black-box
van insurance,multi van insurance,/van insurance/multi-van-insurance
van insurance,truck insurance,/van insurance/truck-insurance
motorbike insurance,trike,/motorbike insurance/trike
pet insurance,older dogs,/pet insurance/older-dogs
van insurance,manufacturers,/van insurance/manufacturers
home insurance,guest house,/home insurance/guest-house
travel insurance,cycling,/travel insurance/cycling
travel insurance,snowboarding,/travel insurance/snowboarding
travel insurance,trekking and hiking,/travel insurance/trekking-and-hiking
travel insurance,vietnam,/travel insurance/vietnam
van insurance,temporary business,/van insurance/temporary-business
van insurance,ice cream van,/van insurance/ice-cream-van
home insurance,home insurance claims,/home insurance/home-insurance-claims
car insurance,can you put your child on your car insurance,/car insurance/can-you-put-your-child-on-your-car-insurance
car insurance,car insurance not on comparison websites,/car insurance/car-insurance-not-on-comparison-websites
car insurance,car remapping,/car insurance/car-remapping
car insurance,car tax,/car insurance/car-tax
car insurance,cheaper car insurance couples married,/car insurance/cheaper-car-insurance-couples-married
car insurance,disabled drivers motability blue badges,/car insurance/disabled-drivers-motability-blue-badges
car insurance,do you need car insurance when you learn to drive,/car insurance/do-you-need-car-insurance-when-you-learn-to-drive
car insurance,do you need legal cover,/car insurance/do-you-need-legal-cover
car insurance,do you need short term car insurance,/car insurance/do-you-need-short-term-car-insurance
car insurance,driving after a stroke,/car insurance/driving-after-a-stroke
car insurance,factory fitted immobilisers,/car insurance/factory-fitted-immobilisers
car insurance,how does a no claims bonus save you money,/car insurance/how-does-a-no-claims-bonus-save-you-money
car insurance,how does car insurance excess work,/car insurance/how-does-car-insurance-excess-work
car insurance,how to insure yourself to drive someone elses car,/car insurance/how-to-insure-yourself-to-drive-someone-elses-car
car insurance,learner driver insurance,/car insurance/learner-driver-insurance
car insurance,mot checklist,/car insurance/mot-checklist
car insurance,multi car insurance,/car insurance/multi-car-insurance
car insurance,parking on the pavement,/car insurance/parking-on-the-pavement
car insurance,short term car insurance,/car insurance/short-term-car-insurance
car insurance,temporary business car insurance,/car insurance/temporary-business-car-insurance
car insurance,temporary business van insurance,/car insurance/temporary-business-van-insurance
car insurance,towing and insurance,/car insurance/towing-and-insurance
car insurance,what car insurance cover should you get,/car insurance/what-car-insurance-cover-should-you-get
car insurance,what cover do you need to drive abroad,/car insurance/what-cover-do-you-need-to-drive-abroad
car insurance,what to do if your car suffers flood damage,/car insurance/what-to-do-if-your-car-suffers-flood-damage
car insurance,when does your car need a sorn,/car insurance/when-does-your-car-need-a-sorn
car insurance,which car insurance extras are worth having,/car insurance/which-car-insurance-extras-are-worth-having
home insurance,can home insurance cover subsidence,/home insurance/can-home-insurance-cover-subsidence
home insurance,furry destroyers,/home insurance/furry-destroyers
home insurance,how to claim on your home insurance policy,/home insurance/how-to-claim-on-your-home-insurance-policy
home insurance,how to insure your second home,/home insurance/how-to-insure-your-second-home
home insurance,ppc,/home insurance/ppc
home insurance,royal tiaras,/home insurance/royal-tiaras
home insurance,student contents insurance,/home insurance/student-contents-insurance
home insurance,what does buildings insurance cover,/home insurance/what-does-buildings-insurance-cover
home insurance,what does contents insurance cover,/home insurance/what-does-contents-insurance-cover
home insurance,what home insurance do students need,/home insurance/what-home-insurance-do-students-need
home insurance,what home insurance do you need,/home insurance/what-home-insurance-do-you-need
home insurance,what is home emergency cover,/home insurance/what-is-home-emergency-cover
travel insurance,does travel insurance cover cancellation,/travel insurance/does-travel-insurance-cover-cancellation
travel insurance,how to find the right backpacker travel insurance,/travel insurance/how-to-find-the-right-backpacker-travel-insurance
travel insurance,i need to cancel my holiday what are my rights,/travel insurance/i-need-to-cancel-my-holiday-what-are-my-rights
travel insurance,what is the european health insurance card,/travel insurance/what-is-the-european-health-insurance-card
van insurance,fleet van insurance,/van insurance/fleet-van-insurance
van insurance,should you get short term van insurance,/van insurance/should-you-get-short-term-van-insurance
van insurance,what is commercial van insurance,/van insurance/what-is-commercial-van-insurance
car insurance,car insurance london ontario,/car-insurance/london-ontario
car insurance,car insurance london ky,/car-insurance/london-ky
car insurance,car insurance london price,/car-insurance/london-price
car insurance,car insurance london drugs,/car-insurance/london-drugs
car insurance,car insurance london uk,/car-insurance/london-uk
car insurance,car insurance london ontario reddit,/car-insurance/london-ontario-reddit
car insurance,car insurance london ontario cost,/car-insurance/london-ontario-cost
car insurance,car insurance london reddit,/car-insurance/london-reddit
car insurance,car insurance london average,/car-insurance/london-average
car insurance,car insurance manchester tn,/car-insurance/manchester-tn
car insurance,car insurance manchester nh,/car-insurance/manchester-nh
car insurance,car insurance manchester price,/car-insurance/manchester-price
car insurance,car insurance manchester ky,/car-insurance/manchester-ky
car insurance,car insurance manchester ct,/car-insurance/manchester-ct
car insurance,car insurance manchester uk,/car-insurance/manchester-uk
car insurance,car insurance manchester reddit,/car-insurance/manchester-reddit
car insurance,car insurance quotes manchester,/car-insurance/quotes-manchester
car insurance,car insurance young drivers ireland,/car-insurance/young-drivers-ireland
car insurance,car insurance young drivers ni,/car-insurance/young-drivers-ni
car insurance,car insurance young drivers uk,/car-insurance/young-drivers-uk
car insurance,car insurance young drivers northern ireland,/car-insurance/young-drivers-northern-ireland
car insurance,car insurance young drivers no black box,/car-insurance/young-drivers-no-black-box
car insurance,car insurance young drivers black box,/car-insurance/young-drivers-black-box
car insurance,car insurance young drivers australia,/car-insurance/young-drivers-australia
car insurance,car insurance young drivers cheap,/car-insurance/young-drivers-cheap
car insurance,car insurance young drivers reddit,/car-insurance/young-drivers-reddit
car insurance,car insurance new drivers uk,/car-insurance/new-drivers-uk
car insurance,car insurance new drivers under 21,/car-insurance/new-drivers-under-21
car insurance,car insurance new drivers over 25,/car-insurance/new-drivers-over-25
car insurance,car insurance new drivers cost,/car-insurance/new-drivers-cost
car insurance,car insurance new drivers ireland,/car-insurance/new-drivers-ireland
car insurance,car insurance new drivers cheap,/car-insurance/new-drivers-cheap
car insurance,car insurance new drivers reddit,/car-insurance/new-drivers-reddit
car insurance,car insurance new drivers average cost,/car-insurance/new-drivers-average-cost
van insurance,can you claim van insurance on self assessment,/van-insurance/can-you-claim-on-self-assessment
van insurance,van insurance private use,/van-insurance/private-use
van insurance,van insurance for delivery drivers,/van-insurance/for-delivery-drivers
pet insurance,pet insurance labrador cost,/pet-insurance/labrador-cost
pet insurance,pet insurance labrador retriever,/pet-insurance/labrador-retriever
pet insurance,pet insurance for labrador puppy,/pet-insurance/for-labrador-puppy
pet insurance,best pet insurance labrador,/pet-insurance/best-labrador
pet insurance,labrador pet insurance cost uk,/pet-insurance/labrador-cost-uk
pet insurance,best pet insurance for labradors uk,/pet-insurance/best-for-labradors-uk
pet insurance,best pet insurance for labrador puppy,/pet-insurance/best-for-labrador-puppy
pet insurance,best pet insurance for labradors in australia,/pet-insurance/best-for-labradors-in-australia
pet insurance,pet insurance french bulldog uk,/pet-insurance/french-bulldog-uk
pet insurance,pet insurance french bulldog reddit,/pet-insurance/french-bulldog-reddit
pet insurance,pet insurance french bulldog australia,/pet-insurance/french-bulldog-australia
pet insurance,pet insurance french bulldog cost,/pet-insurance/french-bulldog-cost
pet insurance,best pet insurance french bulldog,/pet-insurance/best-french-bulldog
car insurance,car insurance birmingham,/car-insurance/birmingham
car insurance,car insurance leeds,/car-insurance/leeds
car insurance,car insurance glasgow,/car-insurance/glasgow
car insurance,car insurance liverpool,/car-insurance/liverpool
car insurance,car insurance sheffield,/car-insurance/sheffield
car insurance,car insurance bristol,/car-insurance/bristol
car insurance,car insurance edinburgh,/car-insurance/edinburgh
car insurance,car insurance nottingham,/car-insurance/nottingham
car insurance,car insurance leicester,/car-insurance/leicester
car insurance,car insurance coventry,/car-insurance/coventry
car insurance,car insurance cardiff,/car-insurance/cardiff
car insurance,car insurance belfast,/car-insurance/belfast
car insurance,car insurance reading,/car-insurance/reading
car insurance,car insurance oxford,/car-insurance/oxford
car insurance,car insurance cambridge,/car-insurance/cambridge
car insurance,car insurance milton keynes,/car-insurance/milton-keynes
car insurance,car insurance brighton,/car-insurance/brighton
car insurance,car insurance plymouth,/car-insurance/plymouth
car insurance,car insurance 17 year olds,/car-insurance/17-year-olds
car insurance,car insurance 18 year olds,/car-insurance/18-year-olds
car insurance,car insurance 19 year olds,/car-insurance/19-year-olds
car insurance,car insurance 20 year olds,/car-insurance/20-year-olds
car insurance,car insurance 21 year olds,/car-insurance/21-year-olds
car insurance,car insurance 22 year olds,/car-insurance/22-year-olds
car insurance,car insurance 23 year olds,/car-insurance/23-year-olds
car insurance,car insurance 24 year olds,/car-insurance/24-year-olds
home insurance,home insurance manchester,/home-insurance/manchester
home insurance,home insurance birmingham,/home-insurance/birmingham
home insurance,home insurance leeds,/home-insurance/leeds
home insurance,home insurance glasgow,/home-insurance/glasgow
home insurance,home insurance liverpool,/home-insurance/liverpool
home insurance,home insurance sheffield,/home-insurance/sheffield
home insurance,home insurance bristol,/home-insurance/bristol
home insurance,home insurance edinburgh,/home-insurance/edinburgh
home insurance,home insurance nottingham,/home-insurance/nottingham
home insurance,home insurance leicester,/home-insurance/leicester
home insurance,home insurance coventry,/home-insurance/coventry
home insurance,home insurance cardiff,/home-insurance/cardiff
home insurance,home insurance belfast,/home-insurance/belfast
home insurance,home insurance reading,/home-insurance/reading
home insurance,home insurance oxford,/home-insurance/oxford
home insurance,home insurance cambridge,/home-insurance/cambridge
home insurance,home insurance milton keynes,/home-insurance/milton-keynes
home insurance,home insurance brighton,/home-insurance/brighton
home insurance,home insurance plymouth,/home-insurance/plymouth
van insurance,van insurance london,/van-insurance/london
van insurance,van insurance manchester,/van-insurance/manchester
van insurance,van insurance birmingham,/van-insurance/birmingham
van insurance,van insurance leeds,/van-insurance/leeds
van insurance,van insurance glasgow,/van-insurance/glasgow
van insurance,van insurance liverpool,/van-insurance/liverpool
van insurance,van insurance sheffield,/van-insurance/sheffield
van insurance,van insurance bristol,/van-insurance/bristol
van insurance,van insurance edinburgh,/van-insurance/edinburgh
van insurance,van insurance nottingham,/van-insurance/nottingham
van insurance,van insurance leicester,/van-insurance/leicester
van insurance,van insurance coventry,/van-insurance/coventry
van insurance,van insurance cardiff,/van-insurance/cardiff
van insurance,van insurance belfast,/van-insurance/belfast
van insurance,van insurance reading,/van-insurance/reading
van insurance,van insurance oxford,/van-insurance/oxford
van insurance,van insurance cambridge,/van-insurance/cambridge
van insurance,van insurance milton keynes,/van-insurance/milton-keynes
van insurance,van insurance brighton,/van-insurance/brighton
van insurance,van insurance plymouth,/van-insurance/plymouth
motorbike insurance,motorbike insurance 17 year olds,/motorbike-insurance/17-year-olds
motorbike insurance,motorbike insurance 18 year olds,/motorbike-insurance/18-year-olds
motorbike insurance,motorbike insurance 19 year olds,/motorbike-insurance/19-year-olds
motorbike insurance,motorbike insurance 20 year olds,/motorbike-insurance/20-year-olds
motorbike insurance,motorbike insurance 21 year olds,/motorbike-insurance/21-year-olds
motorbike insurance,motorbike insurance 22 year olds,/motorbike-insurance/22-year-olds
motorbike insurance,motorbike insurance 23 year olds,/motorbike-insurance/23-year-olds
motorbike insurance,motorbike insurance 24 year olds,/motorbike-insurance/24-year-olds
pet insurance,pet insurance german shepherd,/pet-insurance/german-shepherd
pet insurance,pet insurance golden retriever,/pet-insurance/golden-retriever
pet insurance,pet insurance cockapoo,/pet-insurance/cockapoo
pet insurance,pet insurance dachshund,/pet-insurance/dachshund
pet insurance,pet insurance staffordshire bull terrier,/pet-insurance/staffordshire-bull-terrier
pet insurance,pet insurance border collie,/pet-insurance/border-collie
pet insurance,pet insurance cocker spaniel,/pet-insurance/cocker-spaniel
pet insurance,pet insurance chihuahua,/pet-insurance/chihuahua
travel insurance,travel insurance france,/travel-insurance/france
travel insurance,travel insurance italy,/travel-insurance/italy
travel insurance,travel insurance greece,/travel-insurance/greece
travel insurance,travel insurance portugal,/travel-insurance/portugal
travel insurance,travel insurance turkey,/travel-insurance/turkey
travel insurance,travel insurance dubai,/travel-insurance/dubai
travel insurance,travel insurance usa,/travel-insurance/usa
travel insurance,travel insurance canada,/travel-insurance/canada
travel insurance,travel insurance japan,/travel-insurance/japan
travel insurance,travel insurance australia,/travel-insurance/australia
travel insurance,travel insurance mexico,/travel-insurance/mexico
travel insurance,travel insurance bali,/travel-insurance/bali
pet insurance,lemonade pet insurance french bulldog,/pet-insurance/lemonade-french-bulldog
pet insurance,best pet insurance french bulldog reddit,/pet-insurance/best-french-bulldog-reddit
pet insurance,pet insurance for french bulldog puppy,/pet-insurance/for-french-bulldog-puppy
travel insurance,travel insurance spain to uk,/travel-insurance/spain-to-uk
travel insurance,travel insurance spain visa,/travel-insurance/spain-visa
travel insurance,travel insurance spain resident,/travel-insurance/spain-resident
travel insurance,travel insurance spain cost,/travel-insurance/spain-cost
travel insurance,travel insurance spain reddit,/travel-insurance/spain-reddit
travel insurance,travel insurance spain to usa,/travel-insurance/spain-to-usa
travel insurance,travel insurance spain and portugal,/travel-insurance/spain-and-portugal
travel insurance,travel insurance thailand from uk,/travel-insurance/thailand-from-uk
travel insurance,travel insurance thailand reddit,/travel-insurance/thailand-reddit
travel insurance,travel insurance thailand cost,/travel-insurance/thailand-cost
travel insurance,travel insurance thailand and vietnam,/travel-insurance/thailand-and-vietnam
travel insurance,travel insurance thailand compare,/travel-insurance/thailand-compare
travel insurance,travel insurance thailand for australians,/travel-insurance/thailand-for-australians
travel insurance,travel insurance thailand moped,/travel-insurance/thailand-moped
travel insurance,travel insurance thailand from india,/travel-insurance/thailand-from-india
travel insurance,travel insurance thailand price,/travel-insurance/thailand-price
home insurance,home insurance london ontario,/home-insurance/london-ontario
home insurance,home insurance london uk,/home-insurance/london-uk
home insurance,home insurance london cost,/home-insurance/london-cost
home insurance,home insurance london ky,/home-insurance/london-ky
home insurance,home insurance london ontario reddit,/home-insurance/london-ontario-reddit
home insurance,home insurance london reddit,/home-insurance/london-reddit
home insurance,home insurance london average,/home-insurance/london-average
home insurance,home insurance london flat,/home-insurance/london-flat
home insurance,home insurance london quote,/home-insurance/london-quote
home insurance,home insurance flat roof,/home-insurance/flat-roof
home insurance,home insurance flat roof percentage,/home-insurance/flat-roof-percentage
home insurance,home insurance flat roof extension,/home-insurance/flat-roof-extension
home insurance,home insurance flat uk,/home-insurance/flat-uk
home insurance,home insurance flat roof garage,/home-insurance/flat-roof-garage
home insurance,home insurance flat roof ireland,/home-insurance/flat-roof-ireland
motorbike insurance,motorbike insurance 125cc cost,/motorbike-insurance/125cc-cost
motorbike insurance,motorbike insurance 125cc average,/motorbike-insurance/125cc-average
motorbike insurance,motorbike insurance 125cc uk,/motorbike-insurance/125cc-uk
motorbike insurance,motorbike insurance 125cc cbt,/motorbike-insurance/125cc-cbt
motorbike insurance,motorbike insurance uk 125cc price,/motorbike-insurance/uk-125cc-price
motorbike insurance,cheap motorbike insurance 125cc,/motorbike-insurance/cheap-125cc
motorbike insurance,125cc motorbike insurance cost ireland,/motorbike-insurance/125cc-cost-ireland
motorbike insurance,motorbike insurance for new riders uk,/motorbike-insurance/for-new-riders-uk
motorbike insurance,motorbike insurance for new drivers,/motorbike-insurance/for-new-drivers
motorbike insurance,cheap motorbike insurance for new riders,/motorbike-insurance/cheap-for-new-riders
motorbike insurance,best motorbike insurance for new riders,/motorbike-insurance/best-for-new-riders
breakdown cover,breakdown cover car and caravan,/breakdown-cover/car-and-caravan
breakdown cover,breakdown cover car uk,/breakdown-cover/car-uk
breakdown cover,breakdown cover car or person,/breakdown-cover/car-or-person
breakdown cover,breakdown cover car age limit,/breakdown-cover/car-age-limit
breakdown cover,breakdown cover car and motorcycle,/breakdown-cover/car-and-motorcycle
breakdown cover,breakdown cover car finance 247,/breakdown-cover/car-finance-247
breakdown cover,breakdown cover car compare,/breakdown-cover/car-compare
breakdown cover,breakdown cover car rental,/breakdown-cover/car-rental
breakdown cover,breakdown cover car hire,/breakdown-cover/car-hire
car insurance,automatic car insurance for new drivers,/car-insurance/automatic-for-new-drivers
car insurance,automatic car insurance price,/car-insurance/automatic-price
car insurance,automatic car insurance vs manual,/car-insurance/automatic-vs-manual
car insurance,how much is automatic car insurance,/car-insurance/how-much-is-automatic
car insurance,telematics car insurance meaning,/car-insurance/telematics-meaning
car insurance,telematics car insurance ireland,/car-insurance/telematics-ireland
car insurance,telematics car insurance reddit,/car-insurance/telematics-reddit
car insurance,telematics car insurance hastings,/car-insurance/telematics-hastings
car insurance,telematics car insurance pros and cons,/car-insurance/telematics-pros-and-cons
car insurance,telematics car insurance reviews,/car-insurance/telematics-reviews
car insurance,telematics car insurance uk,/car-insurance/telematics-uk
car insurance,telematics car insurance policy,/car-insurance/telematics-policy
car insurance,telematics car insurance quotes,/car-insurance/telematics-quotes
car insurance,womens car insurance ireland,/car-insurance/womens-ireland
car insurance,women\u0027s car insurance uk,/car-insurance/womenu0027s-uk
car insurance,women\u0027s car insurance ireland cheapest,/car-insurance/womenu0027s-ireland-cheapest
car insurance,women\u0027s car insurance cheaper than men\u0027s,/car-insurance/womenu0027s-cheaper-than-menu0027s
car insurance,women\u0027s car insurance ni,/car-insurance/womenu0027s-ni
car insurance,women\u0027s car insurance comparison,/car-insurance/womenu0027s-comparison
car insurance,women\u0027s car insurance quotes,/car-insurance/womenu0027s-quotes
car insurance,women\u0027s car insurance company,/car-insurance/womenu0027s-company
car insurance,women\u0027s car insurance cheapest,/car-insurance/womenu0027s-cheapest
car insurance,classic car insurance uk,/car-insurance/classic-uk
car insurance,classic car insurance companies,/car-insurance/classic-companies
car insurance,classic car insurance ireland,/car-insurance/classic-ireland
car insurance,classic car insurance quotes,/car-insurance/classic-quotes
car insurance,classic car insurance nz,/car-insurance/classic-nz
car insurance,classic car insurance age,/car-insurance/classic-age
car insurance,classic car insurance ontario,/car-insurance/classic-ontario
car insurance,classic car insurance comparison,/car-insurance/classic-comparison
car insurance,classic car insurance california,/car-insurance/classic-california
car insurance,comprehensive car insurance compare,/car-insurance/comprehensive-compare
car insurance,comprehensive car insurance meaning,/car-insurance/comprehensive-meaning
car insurance,comprehensive car insurance quote,/car-insurance/comprehensive-quote
car insurance,comprehensive car insurance qld,/car-insurance/comprehensive-qld
car insurance,comprehensive car insurance comparison,/car-insurance/comprehensive-comparison
car insurance,comprehensive car insurance compare nsw,/car-insurance/comprehensive-compare-nsw
car insurance,comprehensive car insurance philippines,/car-insurance/comprehensive-philippines
car insurance,comprehensive car insurance price,/car-insurance/comprehensive-price
car insurance,comprehensive car insurance vs third party,/car-insurance/comprehensive-vs-third-party
car insurance,electric car insurance cost,/car-insurance/electric-cost
car insurance,electric car insurance uk,/car-insurance/electric-uk
car insurance,electric car insurance quotes,/car-insurance/electric-quotes
car insurance,electric car insurance comparison,/car-insurance/electric-comparison
car insurance,electric car insurance ireland,/car-insurance/electric-ireland
car insurance,electric car insurance more expensive,/car-insurance/electric-more-expensive
car insurance,electric car insurance groups,/car-insurance/electric-groups
car insurance,electric car insurance vs petrol,/car-insurance/electric-vs-petrol
car insurance,electric car insurance singapore,/car-insurance/electric-singapore
car insurance,european car insurance uk,/car-insurance/european-uk
car insurance,european car insurance cover,/car-insurance/european-cover
car insurance,european car insurance single trip,/car-insurance/european-single-trip
car insurance,european car insurance admiral,/car-insurance/european-admiral
car insurance,european car insurance for hire car,/car-insurance/european-for-hire-car
car insurance,european car insurance 365 days,/car-insurance/european-365-days
car insurance,european car insurance rac,/car-insurance/european-rac
car insurance,european car insurance 365 days uk,/car-insurance/european-365-days-uk
car insurance,european car insurance and breakdown cover,/car-insurance/european-and-breakdown-cover
car insurance,hybrid car insurance uk,/car-insurance/hybrid-uk
car insurance,hybrid car insurance vs gas car,/car-insurance/hybrid-vs-gas-car
car insurance,hybrid car insurance cost,/car-insurance/hybrid-cost
car insurance,hybrid car insurance more expensive,/car-insurance/hybrid-more-expensive
car insurance,hybrid car insurance for learner drivers,/car-insurance/hybrid-for-learner-drivers
car insurance,hybrid car insurance quotes online,/car-insurance/hybrid-quotes-online
car insurance,hybrid car insurance groups,/car-insurance/hybrid-groups
car insurance,hybrid car insurance discount,/car-insurance/hybrid-discount
car insurance,hybrid car insurance australia,/car-insurance/hybrid-australia
